nmero,edad,identidad_genero,tipo_victima,lugar_hecho,modalidad_comisiva,fecha_hecho
624,28,Mujer,Principal ,Río Negro,Se desconoce,Se desconoce
620,27,Mujer,Principal ,Río Negro,Golpes,Se desconoce
612,,Mujer,Principal ,Santiago del Estero,Se desconoce,Se desconoce
754,53,Mujer,Principal ,Buenos Aires ,Disparo de bala,10/24/2016
753,43,Mujer,Principal ,Córdoba,Acuchillamiento,10/23/2016
752,90,Mujer,Vinculado,Mendoza,Acuchillamiento,10/23/2016
752,65,Mujer,Vinculado,Mendoza,Acuchillamiento,10/23/2016
752,31,Mujer,Principal ,Mendoza,Acuchillamiento,10/23/2016
751,41,Mujer,Principal ,Mendoza,Acuchillamiento,10/19/2016
748,42,Mujer,Principal ,Tucumán,Apuñalamiento,10/18/2016
747,11 meses,Mujer,Principal ,Buenos Aires ,Abuso sexual,10/17/2016
746,35,Mujer,Principal ,Jujuy,Quemaduras,10/17/2016
741,38,Mujer,Principal ,Buenos Aires ,Degollamiento,10/16/2016
745,63,Mujer,Principal ,Buenos Aires ,Acuchillamiento,10/15/2016
739,15,Mujer,Principal ,Mendoza,Asfixia,10/15/2016
749,34,Mujer,Principal ,Córdoba,Disparo de bala,10/14/2016
742,22,Mujer,Principal ,Córdoba,Se desconoce,10/14/2016
740,28,Mujer,Principal ,Santiago del Estero,Acuchillamiento,10/14/2016
738,55,Mujer,Principal ,Buenos Aires ,Acuchillamiento - Golpes,10/13/2016
743,41,Mujer,Principal ,Córdoba,Acuchillamiento,10/12/2016
744,54,Mujer,Principal ,Buenos Aires ,Acuchillamiento,10/11/2016
736,16,Mujer,Principal ,Buenos Aires ,Empalamiento  - Otros,10/9/2016
735,22,Mujer,Principal ,Buenos Aires ,Estrangulamiento,10/9/2016
731,30,Mujer,Principal ,Santa Cruz,Quemaduras - Degollamiento - Apuñalamiento,10/5/2016
730,26,Mujer,Principal ,Buenos Aires ,Disparo de bala,10/3/2016
732,30,Mujer,Principal ,Jujuy,Disparo de bala,10/1/2016
729,19,Mujer,Principal ,CABA,Apuñalamiento,9/28/2016
728,19,Mujer,Principal ,Mendoza,Degollamiento,9/28/2016
727,21,Mujer,Principal ,Mendoza,Golpes,9/27/2016
726,29,Mujer,Principal ,Mendoza,Disparo de bala,9/23/2016
733,18,Mujer,Principal ,Buenos Aires ,Acuchillamiento - Degollamiento,9/21/2016
724,44,Mujer,Principal ,Santiago del Estero,Disparo de bala,9/21/2016
722,39,Mujer,Vinculado,Buenos Aires ,Disparo de bala,9/20/2016
722,25,Hombre,Vinculado,Buenos Aires ,Disparo de bala,9/20/2016
723,18,Mujer,Principal ,Tucumán,Se desconoce,9/18/2016
719,16,Mujer,Principal ,Buenos Aires ,Disparo de bala,9/16/2016
725,26,Hombre,Vinculado,Chubut,Disparo de bala,9/13/2016
725,54,Mujer,Vinculado,Chubut,Disparo de bala,9/13/2016
718,26,Mujer,Principal ,Mendoza,Ahorcamiento,9/13/2016
712,27,Mujer,Principal ,Salta,Acuchillamiento,9/13/2016
717,24,Mujer,Principal ,Santa Fe,Disparo de bala,9/12/2016
711,36,Travesti,Principal ,Jujuy,Acuchillamiento,9/10/2016
750,65,Mujer,Principal ,Mendoza,Asfixia,9/9/2016
710,19,Mujer,Principal ,Buenos Aires ,Disparo de bala,9/9/2016
707,21,Mujer,Principal ,Chubut,Acuchillamiento - Golpes,8/28/2016
709,50,Mujer,Principal ,Buenos Aires ,Se desconoce,8/26/2016
708,39,Mujer,Principal ,Buenos Aires ,Disparo de bala,8/21/2016
705,37,Mujer,Principal ,Corrientes,Acuchillamiento - Disparo de Bala,8/19/2016
706,17,Mujer,Principal ,Santa Fe,Se desconoce,8/16/2016
700,63,Mujer,Principal ,Buenos Aires ,Golpes - Quemaduras,8/14/2016
699,21,Mujer,Principal ,Chaco,Otros,8/14/2016
698,23,Mujer,Principal ,Buenos Aires ,Disparo de bala,8/14/2016
701,43,Mujer,Principal ,Buenos Aires ,Disparo de bala,8/13/2016
704,36,Mujer,Principal ,Buenos Aires ,Golpes - Ahorcamiento,8/9/2016
694,53,Mujer,Principal ,Buenos Aires ,Disparo de bala,8/8/2016
696,18,Mujer,Principal ,Tucumán,Ahorcamiento,8/7/2016
702,45 días,Mujer,Vinculado,Córdoba,Golpes,8/6/2016
691,17,Mujer,Principal ,Santa Fe,Disparo de bala,7/31/2016
692,18,Mujer,Principal ,CABA,Asfixia - Estrangulamiento,7/29/2016
690,25,Mujer,Principal ,Santa Fe,Golpes - Ahorcamiento,7/28/2016
689,31,Mujer,Principal ,Córdoba,Disparo de bala,7/25/2016
686,20,Mujer,Principal ,Jujuy,Ahorcamiento,7/23/2016
684,37,Mujer,Principal ,Santa Fe,Acuchillamiento,7/23/2016
703,42,Mujer,Principal ,Buenos Aires ,Disparo de bala,7/20/2016
683,40,Mujer,Principal ,Buenos Aires ,Suicidio inducido,7/19/2016
685,29,Mujer,Principal ,Jujuy,Golpes,7/14/2016
681,Se desconoce,Mujer,Principal ,Buenos Aires ,Quemaduras,7/12/2016
680,27,Mujer,Principal ,Buenos Aires ,Disparo de bala,7/12/2016
677,53,Mujer,Principal ,Misiones,Estrangulamiento,7/11/2016
676,17,Mujer,Principal ,Córdoba,Disparo de bala,7/10/2016
675,50,Mujer,Principal ,Córdoba,Disparo de bala,7/7/2016
672,24,Hombre,Vinculado,Buenos Aires ,Acuchillamiento,7/7/2016
672,19,Mujer,Vinculado,Buenos Aires ,Acuchillamiento,7/7/2016
672,52,Mujer,Principal ,Buenos Aires ,Acuchillamiento,7/7/2016
672,22,Mujer,Vinculado,Buenos Aires ,Acuchillamiento,7/7/2016
672,70,Hombre,Vinculado,Buenos Aires ,Acuchillamiento,7/7/2016
687,43,Mujer,Principal ,Neuquén,Acuchillamiento,7/6/2016
679,29,Mujer,Principal ,Buenos Aires ,Disparo de bala,7/6/2016
674,38,Mujer,Principal ,Buenos Aires ,Apuñalamiento,7/6/2016
671,35,Mujer,Principal ,Buenos Aires ,Disparo de bala,7/5/2016
669,21,Mujer,Principal ,Salta,Acuchillamiento,7/4/2016
667,25,Mujer,Principal ,Tierra del Fuego,Se desconoce,7/3/2016
668,26,Mujer,Principal ,Formosa,Golpes,6/26/2016
715,53,Travesti,Principal ,Buenos Aires ,Acuchillamiento,6/23/2016
673,42,Mujer,Principal ,Santa Fé,Degollamiento,6/23/2016
665,26,Mujer,Principal ,Córdoba,Estrangulamiento,6/22/2016
664,58,Mujer,Principal ,Santa Fé,Disparo de bala,6/22/2016
663,56,Mujer,Principal ,Chaco,Quemaduras,6/20/2016
666,17,Mujer,Principal ,San Juan,Estrangulamiento,6/16/2016
662,36,Mujer,Principal ,Santiago del Estero,Ahorcamiento,6/16/2016
725,14,Mujer,Vinculado,Chubut,Disparo de bala,6/13/2016
678,20,Mujer,Principal ,Misiones,Asfixia,6/13/2016
661,24,Mujer,Principal ,Buenos Aires ,Disparo de bala,6/8/2016
660,41,Mujer,Principal ,Buenos Aires ,Degollamiento,6/7/2016
655,35,Travesti,Principal ,Mendoza,Golpes  - Otros,6/5/2016
654,12,Mujer,Principal ,Tucumán,Estrangulamiento - Otros,5/28/2016
652,12,Mujer,Principal ,Santa Fé,Estrangulamiento - Otros,5/25/2016
651,25,Mujer,Principal ,Chubut,Golpes - Apuñalamiento,5/17/2016
650,21,Mujer,Principal ,Santa Fé,Golpes - Estrangulamiento - Otros,5/14/2016
648,26,Mujer,Principal ,Buenos Aires ,Estrangulamiento - Otros,5/6/2016
648,14,Mujer,Principal ,Buenos Aires ,Estrangulamiento - Otros,5/6/2016
646,30,Mujer,Principal ,Córdoba,Disparo de bala,5/6/2016
645,44,Mujer,Principal ,Córdoba,Se desconoce,5/3/2016
644,62,Mujer,Principal ,Entre Ríos,Se desconoce,4/28/2016
643,19,Mujer,Principal ,Córdoba,Golpes,4/28/2016
638,43,Mujer,Principal ,Córdoba,Apuñalamiento,4/27/2016
641,25,Mujer,Principal ,Buenos Aires ,Disparo de bala,4/26/2016
639,24,Mujer,Principal ,Buenos Aires ,Golpes - Otros,4/26/2016
637,48,Mujer,Principal ,Santa Fé,Disparo de bala,4/24/2016
635,22,Mujer,Principal ,Santa Cruz,Estrangulamiento,4/24/2016
633,44,Mujer,Principal ,Catamarca,Acuchillamiento,4/24/2016
653,12,Mujer,Principal ,Buenos Aires ,Golpes - Estrangulamiento - Otros,4/23/2016
642,52,Mujer,Principal ,Mendoza,Golpes,4/23/2016
649,18,Mujer,Principal ,Entre Ríos,Estrangulamiento - Otros,4/22/2016
647,21,Mujer,Principal ,Salta,Golpes,4/18/2016
657,8,Mujer,Principal ,Mendoza,Quemaduras - Otros,4/12/2016
631,53,Mujer,Principal ,Santa Fé,Golpes,4/11/2016
630,27,Mujer,Principal ,Buenos Aires ,Golpes,4/7/2016
629,25,Mujer,Vinculado,Santiago del Estero,Disparo de bala,4/6/2016
629,32,Hombre,Vinculado,Santiago del Estero,Disparo de bala,4/6/2016
629,36,Mujer,Principal ,Santiago del Estero,Disparo de bala,4/6/2016
628,27,Mujer,Principal ,La Rioja,Apuñalamiento,4/4/2016
659,25,Mujer,Principal ,Salta,Disparo de bala,4/2/2016
714,29,Travesti,Principal ,Formosa,Quemaduras - Apuñalamiento,4/1/2016
627,30,Mujer,Principal ,CABA,Disparo de bala,4/1/2016
625,44,Mujer,Principal ,Córdoba,Apuñalamiento,3/31/2016
626,22,Mujer,Principal ,Buenos Aires ,Disparo de bala,3/30/2016
621,42,Mujer,Principal ,Buenos Aires ,Acuchillamiento,3/29/2016
622,25,Mujer,Principal ,Santa Fé,Disparo de bala,3/28/2016
634,32,Mujer,Principal ,Salta,Disparo de bala,3/21/2016
616,26,Mujer,Principal ,Misiones,Golpes - Estrangulamiento,3/20/2016
658,16,Mujer,Principal ,Salta,Golpes - Otros,3/18/2016
617,29,Mujer,Principal ,Río Negro,Golpes,3/18/2016
618,32,Mujer,Principal ,Buenos Aires ,Apuñalamiento - Quemaduras,3/17/2016
618,11,Mujer,Vinculado,Buenos Aires ,Apuñalamiento - Quemaduras,3/17/2016
611,26,Mujer,Principal ,Buenos Aires ,Apuñalamiento,3/14/2016
614,43,Mujer,Principal ,Buenos Aires ,Acuchillamiento,3/13/2016
609,26,Mujer,Principal ,Córdoba,Disparo de bala,3/13/2016
610,45,Mujer,Principal ,San Juan,Golpes,3/11/2016
608,17,Mujer,Principal ,Buenos Aires ,Apuñalamiento,3/11/2016
607,34,Mujer,Principal ,Buenos Aires ,Apuñalamiento,3/7/2016
603,Se desconoce,Travesti,Principal ,Buenos Aires ,Disparo de bala,2/29/2016
606,23,Mujer,Principal ,Buenos Aires ,Disparo de bala,2/28/2016
601,37,Mujer,Principal ,San Juan,Golpes  - Apuñalamiento,2/27/2016
604,40,Mujer,Principal ,Buenos Aires ,Disparo de bala,2/26/2016
602,34,Travesti,Principal ,Buenos Aires ,Golpes,2/23/2016
600,64,Mujer,Principal ,San Juan,Abuso sexual - golpes,2/23/2016
599,18,Mujer,Principal ,Buenos Aires ,Acuchillamiento,2/21/2016
596,33,Mujer,Principal ,Mendoza,Disparo de bala,2/17/2016
592,25,Mujer,Principal ,Mendoza,Se desconoce,2/15/2016
590,50,Mujer,Principal ,Formosa,Apuñalamiento,2/15/2016
593,28,Mujer,Vinculado,Misiones,Disparo de bala,2/13/2016
591,39,Mujer,Principal ,Buenos Aires ,Estrangulamiento,2/13/2016
597,18,Mujer,Principal ,La Rioja,Disparo de bala,2/11/2016
585,33,Hombre,Vinculado,Entre Ríos,Apuñalamiento,2/10/2016
584,38,Mujer,Principal ,Chaco,Apuñalamiento,2/10/2016
586,20,Mujer,Principal ,CABA,Apuñalamiento,2/9/2016
583,58,Mujer,Principal ,Buenos Aires ,Apuñalamiento,2/8/2016
580,27,Mujer,Principal ,Buenos Aires ,Golpes - Apuñalamiento,2/8/2016
589,13,Mujer,Principal ,Mendoza,Asfixia,2/7/2016
588,21,Mujer,Principal ,Entre Ríos,Apuñalamiento,2/7/2016
579,35,Mujer,Principal ,Santa Fé,Apuñalamiento,2/7/2016
578,36,Mujer,Principal ,Mendoza,Apuñalamiento,2/7/2016
581,29,Mujer,Principal ,Santa Fé,Abuso sexual - asfixia,2/6/2016
574,18,Mujer,Principal ,Buenos Aires ,Degollamiento,2/4/2016
605,32,Mujer,Principal ,San Luis,Disparo de bala,1/30/2016
582,3,Mujer,Principal ,Buenos Aires ,Abuso sexual - golpes,1/30/2016
594,27,Mujer,Principal ,Neuquén,Disparo de bala,1/24/2016
566,31,Mujer,Principal ,Salta,Apuñalamiento,1/23/2016
563,13,Mujer,Principal ,Formosa,Golpes,1/23/2016
565,46,Mujer,Principal ,Córdoba,Quemaduras,1/22/2016
564,37,Mujer,Principal ,Córdoba,Golpes ,1/22/2016
562,Se desconoce,Travesti,Principal ,Río Negro,Se desconoce,1/17/2016
567,16,Mujer,Principal ,Córdoba,Disparo de bala,1/16/2016
561,28,Mujer,Principal ,Buenos Aires ,Acuchillamiento,1/15/2016
560,19,Mujer,Principal ,Corrientes,Estrangulamiento,1/13/2016
558,49,Mujer,Principal ,Santa Fé,Disparo de bala,1/13/2016
656,71,Mujer,Principal ,Mendoza,Golpes,1/12/2016
552,22,Mujer,Principal ,Salta,Ahorcamiento,1/4/2016
551,54,Mujer,Principal ,Santa Fé,Apuñalamiento,1/4/2016
670,26,Mujer,Principal ,Buenos Aires,Otros,12/31/2015
550,38,Mujer,Principal ,Buenos Aires,Golpes,12/27/2015
549,62,Mujer,Principal ,Buenos Aires,Apuñalamiento,12/24/2015
571,58,Mujer,Principal ,Santiago del Estero,Apuñalamiento,12/23/2015
555,20,Mujer,Principal ,Entre Ríos ,Otros,12/22/2015
570,23,Mujer,Principal ,Buenos Aires,Golpes - Asfixia,12/20/2015
576,48,Mujer,Principal ,Buenos Aires,Disparo de bala,12/18/2015
556,20,Mujer,Principal ,Santa Fé,Disparo de bala,12/15/2015
546,50,Mujer,Principal ,CABA,Acuchillamiento,12/15/2015
545,45,Mujer,Principal ,Córdoba,Golpes,12/13/2015
553,48,Mujer,Principal ,Buenos Aires,Apuñalamiento,12/11/2015
595,45,Mujer,Principal ,Santiago del Estero,Apuñalamiento,12/10/2015
577,73,Mujer,Principal ,Buenos Aires,Acuchillamiento,12/10/2015
544,22,Mujer,Principal ,Córdoba,Golpes,12/6/2015
542,16,Mujer,Principal ,Chaco,Golpes,12/6/2015
543,21,Mujer,Principal ,Tucumán,Ahorcamiento ,12/3/2015
541,18,Mujer,Principal ,Buenos Aires,Apuñalamiento,12/2/2015
540,3,Mujer,Principal ,Jujuy,Estrangulamiento,12/2/2015
548,46,Mujer,Principal ,Salta,Asfixia,12/1/2015
547,25,Mujer,Principal ,Salta,Disparo de bala,11/24/2015
557,35,Mujer,Principal ,Chaco,Disparo de bala,11/23/2015
559,19,Mujer,Principal ,Chaco,Acuchillamiento,11/22/2015
56,23,Mujer,Principal ,Buenos Aires,Degollamiento,11/20/2015
427,40,Mujer,Principal ,Buenos Aires,Degollamiento,11/17/2015
77,3,Hombre,Vinculado,Buenos Aires,Apuñalamiento,11/16/2015
77,23,Mujer,Principal ,Buenos Aires,Apuñalamiento,11/16/2015
166,17,Mujer,Principal ,Santa Fé,Golpes,11/15/2015
1,56,Mujer,Principal ,Salta,Golpes,11/13/2015
72,23,Mujer,Principal ,Buenos Aires,Disparo de bala,11/11/2015
24,17,Mujer,Principal ,Santa Cruz,Asfixia,11/8/2015
573,32,Mujer,Principal ,Santa Fé,Golpes - Degollamiento,11/4/2015
55,42,Mujer,Principal ,Mendoza,Apuñalamiento,10/30/2015
538,55,Mujer,Principal ,Buenos Aires,Acuchillamiento,10/28/2015
537,26,Mujer,Principal ,Córdoba,Apuñalamiento,10/23/2015
536,27,Mujer,Principal ,Buenos Aires,Estrangulamiento,10/22/2015
535,51,Mujer,Principal ,Buenos Aires,Disparo de bala,10/22/2015
48,36,Mujer,Principal ,Misiones,Asfixia,10/21/2015
532,33,Mujer,Principal ,Buenos Aires,Disparo de bala,10/19/2015
534,25,Mujer,Principal ,Buenos Aires,Asfixia,10/18/2015
521,39,Travesti,Principal ,CABA,Acuchillamiento,10/14/2015
520,23,Mujer,Principal ,Buenos Aires,Golpes,10/12/2015
525,35,Mujer,Principal ,Buenos Aires,Apuñalamiento,10/11/2015
519,38,Mujer,Principal ,Buenos Aires,Acuchillamiento,10/10/2015
518,23,Mujer,Principal ,Salta,Disparo de bala,10/9/2015
524,47,Mujer,Principal ,Buenos Aires,Degollamiento,10/8/2015
517,19,Mujer,Principal ,Mendoza,Quemaduras - Asfixia - Otros,10/8/2015
516,47,Mujer,Principal ,Río Negro ,Estrangulamiento,10/7/2015
508,19,Mujer,Principal ,Salta,Acuchillamiento,10/7/2015
506,17,Mujer,Principal ,Buenos Aires,Disparo de bala,10/7/2015
507,44,Mujer,Principal ,Buenos Aires,Apuñalamiento,10/6/2015
523,59,Trans - Femenina,Principal ,Santa Fé,Golpes - Apuñalamiento - Disparo de bala,9/25/2015
503,53,Mujer,Principal ,Salta,Acuchillamiento,9/23/2015
505,43,Mujer,Principal ,Misiones,Quemaduras,9/21/2015
192,20,Mujer,Principal ,Neuquén,Disparo de bala,9/21/2015
495,27,Mujer,Principal ,Mendoza,Golpes,9/20/2015
527,17,Mujer,Principal ,Buenos Aires,Se desconoce,9/18/2015
494,25,Mujer,Principal ,Buenos Aires,Golpes,9/18/2015
484,36,Mujer,Principal ,Neuquén,Disparo de bala,9/12/2015
483,24,Mujer,Principal ,Santa Fé,Disparo de bala,9/12/2015
477,85,Mujer,Principal ,CABA,Estrangulamiento,9/10/2015
522,26,Travesti,Principal ,Santa Cruz,Se desconoce,9/6/2015
533,41,Mujer,Principal ,CABA,Quemaduras,9/5/2015
454,50,Mujer,Principal ,Entre Ríos ,Golpes - Estrangulamiento,8/31/2015
450,51,Mujer,Principal ,Buenos Aires,Disparo de bala,8/31/2015
569,49,Mujer,Principal ,Neuquén,Quemaduras,8/27/2015
473,46,Mujer,Principal ,Corrientes,Golpes - Estrangulamiento,8/27/2015
446,35,Mujer,Principal ,Buenos Aires,Disparo de bala,8/25/2015
446,8,Mujer,Vinculado,Buenos Aires,Disparo de bala,8/25/2015
442,17,Mujer,Principal ,Entre Ríos ,Se desconoce,8/25/2015
478,73,Mujer,Principal ,Buenos Aires,Asfixia,8/24/2015
447,25,Mujer,Principal ,Córdoba,Disparo de bala,8/24/2015
444,39,Mujer,Principal ,Buenos Aires,Acuchillamiento - Golpes - Otros,8/24/2015
448,33,Mujer,Principal ,Buenos Aires,Otros,8/22/2015
502,44,Mujer,Principal ,Buenos Aires,Acuchillamiento - Golpes,8/21/2015
480,42,Mujer,Principal ,Buenos Aires,Golpes,8/19/2015
449,16,Mujer,Principal ,Misiones,Acuchillamiento,8/16/2015
409,52,Mujer,Principal ,Buenos Aires,Estrangulamiento - Quemaduras,8/15/2015
383,52,Mujer,Principal ,Buenos Aires,Estrangulamiento - Quemaduras,8/15/2015
482,24,Mujer,Principal ,Buenos Aires,Golpes - Otros,8/13/2015
445,52,Mujer,Principal ,Buenos Aires,Golpes,8/8/2015
318,45,Mujer,Principal ,Buenos Aires,Quemaduras,8/8/2015
402,4,Hombre,Vinculado,Córdoba,Acuchillamiento - Disparo de Bala,8/4/2015
402,7,Hombre,Vinculado,Córdoba,Acuchillamiento - Disparo de Bala,8/4/2015
248,16,Mujer,Principal ,Salta,Asfixia,8/3/2015
479,38,Mujer,Principal ,Buenos Aires,Quemaduras,8/2/2015
193,23,Mujer,Principal ,Buenos Aires,Acuchillamiento,7/30/2015
408,17,Mujer,Principal ,Entre Ríos ,Golpes,7/29/2015
231,30,Mujer,Principal ,San Luis ,Golpes,7/29/2015
198,47,Mujer,Principal ,Buenos Aires,Disparo de bala,7/27/2015
191,34,Mujer,Principal ,Santiago del Estero,Acuchillamiento,7/26/2015
187,34,Travesti,Principal ,Córdoba,Golpes  - Otros,7/25/2015
186,20,Mujer,Principal ,CABA,Disparo de bala,7/24/2015
734,24,Mujer,Principal ,Mendoza,Se desconoce,7/19/2015
475,22,Mujer,Principal ,Buenos Aires,Acuchillamiento,7/19/2015
190,13,Mujer,Principal ,Jujuy,No hay cuerpo,7/19/2015
393,16,Mujer,Principal ,Buenos Aires,Disparo de bala,7/18/2015
481,81,Mujer,Principal ,Buenos Aires,Golpes,7/15/2015
172,31,Mujer,Principal ,Santiago del Estero,Acuchillamiento - Otros,7/13/2015
157,49,Mujer,Principal ,La Pampa,Disparo de bala,7/12/2015
145,40,Mujer,Principal ,Buenos Aires,Acuchillamiento - Golpes - Estrangulamiento,7/8/2015
174,21,Mujer,Principal ,Salta,Quemaduras,7/6/2015
127,22,Mujer,Principal ,Salta,Golpes,7/2/2015
123,17,Mujer,Principal ,Buenos Aires,Acuchillamiento,7/1/2015
109,20,Mujer,Principal ,Buenos Aires,Golpes,6/27/2015
95,38,Mujer,Principal ,Chaco,Apuñalamiento,6/26/2015
188,25,Mujer,Principal ,Buenos Aires,No hay cuerpo,6/19/2015
276,39,Mujer,Principal ,Corrientes,Acuchillamiento,6/18/2015
279,17,Mujer,Principal ,Chaco,Golpes - Acuchillamiento - Otros,6/17/2015
209,23,Mujer,Principal ,Santiago del Estero,Acuchillamiento,6/12/2015
65,2,Mujer,Vincualado,Buenos Aires,Golpes,6/12/2015
220,1,Mujer,Principal ,Buenos Aires,Golpes,6/10/2015
130,40,Mujer,Principal ,Formosa,Quemaduras,6/7/2015
39,45,Mujer Lesbiana,Principal ,Santa Fé,Quemaduras,6/7/2015
67,42,Mujer,Principal ,Santiago del Estero,Golpes - Quemaduras,6/6/2015
121,39,Travesti,Principal ,Buenos Aires,Disparo de bala,6/5/2015
487,60,Mujer,Principal ,Chubut,Disparo de bala,6/3/2015
395,16,Mujer,Principal ,Corrientes,Estrangulamiento,6/3/2015
304,16,Mujer,Vincualado,Corrientes,Degollamiento,6/3/2015
396,28,Mujer,Principal ,Buenos Aires,Disparo de bala,6/1/2015
154,53,Mujer,Principal ,Jujuy,Golpes  - Acuchillamiento,5/30/2015
90,43,Mujer,Principal ,Buenos Aires,Machetazos,5/29/2015
394,22,Mujer,Principal ,Buenos Aires,Quemaduras,5/28/2015
184,23,Mujer,Principal ,Buenos Aires,Otros,5/25/2015
89,18,Mujer,Principal ,Buenos Aires,Golpes - Asfixia,5/23/2015
456,15,Mujer,Principal ,Buenos Aires,Disparo de bala,5/21/2015
108,16,Mujer,Principal ,Corrientes,Estrangulamiento,5/21/2015
105,51,Mujer,Principal ,Córdoba,A machetazos,5/21/2015
317,17,Mujer,Principal ,Corrientes,Disparo de bala,5/18/2015
223,56,Mujer,Principal ,Mendoza,Apuñalamiento,5/15/2015
268,74,Mujer,Principal ,Buenos Aires,Disparo de bala,5/12/2015
62,14,Mujer,Principal ,Santa Fé,Golpes,5/10/2015
152,24,Mujer,Principal ,CABA,Estrangulamiento,5/4/2015
128,49,Mujer,Principal ,CABA,Acuchillamiento,5/2/2015
171,32,Mujer,Principal ,Chaco,Golpes - Quemaduras - Otros,5/1/2015
529,44,Mujer,Principal ,Buenos Aires,Disparo de bala,4/29/2015
380,44,Mujer,Principal ,Buenos Aires,Disparo de bala,4/29/2015
384,68,Mujer,Principal ,Mendoza,Asfixia,4/28/2015
103,38,Mujer,Principal ,Córdoba,Disparo de bala,4/28/2015
104,35,Mujer,Principal ,Córdoba,Disparo de bala,4/24/2015
229,12,Mujer,Principal ,Misiones,Estrangulamiento - Otros,4/22/2015
308,16,Mujer,Principal ,Buenos Aires,Disparo de bala,4/21/2015
452,7,Mujer,Principal ,Entre Ríos ,Otros,4/20/2015
613,25,Mujer,Principal ,Jujuy,Otros,4/18/2015
347,55,Muier,Principal ,Santa Fé,Disparo de bala,4/16/2015
160,32,Mujer,Principal ,CABA,Disparo de bala,4/15/2015
348,38,Mujer,Principal ,Santa Fé,Disparo de bala,4/14/2015
241,23,Mujer,Principal ,Mendoza,Acuchillamiento,4/13/2015
170,26,Mujer,Principal ,Río Negro ,Se desconoce,4/10/2015
147,50,Mujer,Principal ,Córdoba,Disparo de bala,4/10/2015
58,27,Mujer,Principal ,Buenos Aires,Disparo de bala,4/10/2015
179,22,Mujer,Principal ,Corrientes,Golpes,4/9/2015
150,26,Mujer,Principal ,CABA,Acuchillamiento,4/9/2015
277,29,Mujer,Principal ,Buenos Aires,Disparo de bala,4/8/2015
228,16,Mujer,Principal ,Misiones,Acuchillamiento,4/7/2015
227,48,Mujer,Principal ,Misiones,Acuchillamiento,4/7/2015
161,23,Mujer,Principal ,Neuquén,Desbarrancamiento,4/4/2015
274,40,Mujer,Principal ,Chaco,Acuchillamiento,4/1/2015
167,22,Mujer,Principal ,San Luis ,Disparo de bala,3/31/2015
146,43,Mujer,Principal ,Córdoba,Acuchillamiento - Golpes - Otros,3/30/2015
623,21,Mujer,Principal ,Córdoba,Ahorcamiento,3/27/2015
598,64,Mujer,Principal ,Buenos Aires,Degollamiento,3/27/2015
457,15,Mujer,Vinculado,Buenos Aires,Asfixia,3/27/2015
619,38,Mujer,Principal ,Chubut,Ahorcamiento,3/23/2015
10,26,Mujer,Principal ,Buenos Aires,,3/20/2015
451,40,Mujer,Principal ,Entre Ríos ,Acuchillamiento,3/18/2015
262,23,Mujer,Principal ,Tucumán,Golpes,3/18/2015
91,26,Mujer,Principal ,CABA,Golpes,3/16/2015
168,44,Mujer,Principal ,Corrientes,Acuchillamiento,3/15/2015
539,20,Mujer,Principal ,Buenos Aires,Asfixia - Estrangulamiento,3/14/2015
94,19,Mujer,Principal ,CABA,Asfixia,3/14/2015
453,47,Mujer,Principal ,Entre Ríos ,Quemaduras,3/12/2015
143,35,Mujer,Principal ,Córdoba,Ahorcamiento,3/11/2015
615,34,Mujer,Principal ,Córdoba,Asfixia,3/4/2015
716,33,Travesti,Principal ,Mendoza,Acuchillamiento,3/1/2015
169,27,Mujer,Principal ,Buenos Aires,Acuchillamiento - Golpes - Otros,3/1/2015
18,44,Mujer,Principal ,CABA,Acuchillamiento,2/24/2015
17,19,Mujer,Vinculado,CABA,Acuchillamiento,2/24/2015
138,41,Mujer,Principal ,Córdoba,Apuñalamiento - Degollamiento,2/23/2015
66,20,Mujer,Principal ,Buenos Aires,Golpes,2/23/2015
47,58,Mujer,Principal ,Santa Fé,Apuñalamiento,2/23/2015
14,,Mujer,Principal ,Buenos Aires,Apuñalamiento,2/23/2015
485,8 meses,Mujer,Principal ,Buenos Aires,Golpes,2/16/2015
386,57,Mujer,Principal ,Mendoza,Disparo de bala,2/13/2015
163,18,Mujer,Principal ,Santa Fé,Ahorcamiento,2/13/2015
75,18,Mujer,Principal ,La Rioja,Disparo de bala,2/12/2015
313,46,Mujer,Principal ,Entre Ríos ,Disparo de bala,2/7/2015
142,51,Mujer,Principal ,Córdoba,Ahorcamiento,2/3/2015
496,45,Mujer,Principal ,Neuquén,Disparo de bala,2/2/2015
720,21,Mujer,Principal ,Jujuy,Ahorcamiento,2/1/2015
512,21,Mujer,Principal ,Formosa,Apuñalamiento,1/30/2015
419,14,Mujer,Principal ,Buenos Aires,Disparo de bala,1/30/2015
140,34,Mujer,Principal ,Buenos Aires,Acuchillamiento,1/30/2015
225,2,Mujer,Principal ,Misiones,Golpes,1/29/2015
29,34,Mujer,Principal ,Córdoba,Apuñalamiento,1/28/2015
476,Menor de edad,Mujer,Principal ,Misiones,Golpes,1/27/2015
640,60,Mujer,Principal ,Salta,Golpes,1/25/2015
293,18,Mujer,Principal ,Santiago del Estero,Acuchillamiento,1/25/2015
240,20,Mujer,Principal ,Santa Cruz,Acuchillamiento,1/25/2015
164,23,Mujer,Principal ,Santa Fé,Acuchillamiento,1/21/2015
235,63,Mujer,Principal ,Salta,Acuchillamiento - Golpes,1/20/2015
33,29,Mujer,Principal ,Córdoba,Apuñalamiento,1/19/2015
381,29,Mujer,Principal ,Corrientes,Disparo de bala,1/18/2015
165,29,Mujer,Principal ,Buenos Aires,Estrangulamiento,1/17/2015
34,31,Mujer,Principal ,Córdoba,Apuñalamiento,1/15/2015
315,31,Mujer,Principal ,Misiones,Quemaduras,1/13/2015
12,19,Mujer,Principal ,Buenos Aires,Degollamiento,1/12/2015
13,18,Mujer,Principal ,Buenos Aires,Golpes,1/9/2015
15,21,Mujer,Principal ,Buenos Aires,Golpes,1/8/2015
226,40,Mujer,Principal ,Misiones,Golpes - Quemaduras,1/6/2015
162,36,Mujer,Principal ,Santa Fé,Se desconoce,1/5/2015
272,25,Mujer,Principal ,Chaco,Asfixia,1/1/2015
28,24,Mujer,Principal ,Santa Fé,Disparo de bala,1/1/2015
222,45,Mujer,Principal ,Misiones,Golpes - Disparo de bala,12/29/2014
422,36,Mujer,Principal ,Córdoba,Acuchillamiento,12/28/2014
422,36,Mujer,Principal ,Córdoba,Acuchillamiento,12/28/2014
141,36,Mujer,Principal ,Córdoba,Acuchillamiento,12/28/2014
76,26,Mujer,Principal ,Río Negro,No se puede determinar,12/28/2014
498,21,Mujer,Principal ,Buenos Aires,Acuchillamiento,12/25/2014
498,21,Mujer,Principal ,Buenos Aires,Acuchillamiento,12/25/2014
307,31,Travesti,Principal ,Salta,Golpes,12/24/2014
397,25,Mujer,Principal ,Santa Fé,Disparo de bala,12/22/2014
403,24,Mujer,Principal ,Buenos Aires,Golpes,12/20/2014
221,44,Mujer,Principal ,Misiones,Golpes - Otros,12/18/2014
325,55,Mujer,Principal ,La Pampa,Disparo de bala,12/14/2014
336,40,Mujer,Principal ,Corrientes,Disparo de bala,12/13/2014
181,41,Mujer,Principal ,Santa Fé,Quemaduras,12/12/2014
22,33,Mujer,Principal ,Córdoba,Apuñalamiento,12/11/2014
314,18,Mujer,Principal ,Buenos Aires,Asfixia,12/9/2014
338,40,Mujer,Principal ,San Luis,Acuchillamiento,12/7/2014
349,22,Mujer,Principal ,Santa Fé,Ahorcamiento - Quemaduras,12/6/2014
492,24,Travesti,Principal ,Santiago del Estero,Acuchillamiento - Golpes - Atropellamiento,12/3/2014
492,24,Travesti,Principal ,Santiago del Estero,Acuchillamiento - Golpes - Atropellamiento,12/3/2014
417,28,Mujer,Principal ,Buenos Aires,Se desconoce,12/3/2014
417,28,Mujer,Principal ,Buenos Aires,Se desconoce,12/3/2014
301,24,Trans - Femenina,Principal ,Santiago del Estero,Golpes,12/3/2014
30,40,Mujer,Principal ,Córdoba,Apuñalamiento - Quemaduras,12/2/2014
504,20,Mujer,Principal ,Chaco,Quemaduras,12/1/2014
504,20,Mujer,Principal ,Chaco,Quemaduras,12/1/2014
148,35,Mujer,Principal ,Salta,Golpes - Apuñalamiento,12/1/2014
345,64,Mujer,Principal ,Salta,Golpes,11/30/2014
387,39,Mujer,Principal ,Mendoza,Golpes,11/28/2014
64,39,Mujer,Principal ,Mendoza,Golpes,11/28/2014
418,37,Mujer,Vinculado,Buenos Aires,Ataladramiento,11/26/2014
418,61,Mujer,Principal ,Buenos Aires,Ataladramiento,11/26/2014
418,37,Mujer,Vinculado,Buenos Aires,Ataladramiento,11/26/2014
418,61,Mujer,Principal ,Buenos Aires,Ataladramiento,11/26/2014
491,55,Trans - Femenina,Principal ,Buenos Aires,Acuchillamiento,11/25/2014
491,55,Trans - Femenina,Principal ,Buenos Aires,Acuchillamiento,11/25/2014
126,17,Mujer,Vinculado,Chubut,Disparo de bala,11/23/2014
126,15,Hombre,Vinculado,Chubut,Disparo de bala,11/23/2014
125,48,Mujer,Principal ,Chubut,Disparo de bala,11/23/2014
310,47,Mujer,Principal ,Río Negro,Golpes - Disparo de bala,11/20/2014
177,32,Mujer,Principal ,Salta,Disparo de bala,11/20/2014
151,16,Mujer,Principal ,Buenos Aires,Golpes,11/16/2014
500,55,Travesti,Principal ,Buenos Aires,Golpes - Degollamiento,11/15/2014
500,55,Travesti,Principal ,Buenos Aires,Golpes - Degollamiento,11/15/2014
311,40,Mujer,Principal ,Buenos Aires,Disparo de bala,11/14/2014
219,23,Mujer,Principal ,Misiones,Golpes - Estrangulamiento -Disparo de bala,11/8/2014
118,20,Mujer,Principal ,Salta,Estrangulamiento,11/8/2014
490,36,Trans - Femenina,Principal ,Buenos Aires,Golpes,11/6/2014
490,36,Trans - Femenina,Principal ,Buenos Aires,Golpes,11/6/2014
531,35,Mujer,Principal ,Buenos Aires,Acuchillamiento,11/5/2014
531,35,Mujer,Principal ,Buenos Aires,Acuchillamiento,11/5/2014
120,23,Mujer,Principal ,Santa Fé,Quemaduras,11/4/2014
237,18,Mujer,Principal ,Santa Fé,Disparo de bala,11/2/2014
110,24,Mujer,Principal ,Entre Ríos,Acuchillamiento,11/2/2014
493,48,Mujer,Principal ,Buenos Aires,Degollamiento,10/28/2014
493,48,Mujer,Principal ,Buenos Aires,Degollamiento,10/28/2014
256,48,Mujer,Principal ,Santa Cruz,Asfixia ,10/25/2014
218,14,Mujer,Principal ,Río Negro,Golpes - Estrangulamiento - Otros,10/24/2014
38,22,Mujer,Principal ,Entre Ríos,Golpes - Asfixia,10/24/2014
27,33,Mujer,Principal ,Córdoba,Degollamiento,10/20/2014
217,24,Mujer,Principal ,Misiones,Asfixia - Estrangulamiento,10/18/2014
26,38,Mujer,Principal ,Córdoba,Disparo de bala,10/18/2014
270,22,Mujer,Principal ,Chaco,Disparo de bala,10/13/2014
269,43,Mujer,Principal ,Chaco,Disparo de bala,10/11/2014
322,29,Mujer,Principal ,CABA,Disparo de bala,10/9/2014
19,33,Mujer,Principal ,Chaco,Degollamiento,10/9/2014
44,,Mujer,Principal ,Salta,Disparo de bala,10/5/2014
49,38,Mujer,Principal ,Tucumán,Disparo de bala,9/30/2014
234,18,Mujer,Principal ,Río Negro,Golpes - Atropellamiento,9/29/2014
36,10,Hombre,Vinculado,Entre Ríos,Disparo de bala,9/28/2014
337,38,Mujer,Principal ,Buenos Aires,Acuchillamiento,9/25/2014
6,39,Mujer,Principal ,Buenos Aires,Apuñalamiento,9/25/2014
40,8,Hombre,Vinculado,Mendoza,Disparo de bala,9/23/2014
40,44,Mujer,Vinculado,Mendoza,Disparo de bala,9/23/2014
20,34,Mujer,Principal ,Córdoba,Apuñalamiento,9/18/2014
333,13,Mujer,Principal ,Corrientes,Estrangulamiento,9/17/2014
267,18,Mujer,Principal ,Chaco,Acuchillamiento,9/8/2014
51,38,Mujer,Principal ,Salta,Golpes,9/8/2014
35,32,Mujer,Principal ,Corrientes,Quemaduras,9/8/2014
404,43,Mujer,Principal ,Buenos Aires,Desaparecida,9/6/2014
688,49,Hombre,Vinculado,Córdoba,Disparo de bala,9/4/2014
688,49,Hombre,Vinculado,Córdoba,Disparo de bala,9/4/2014
9,7,Mujer,Vinculado,Buenos Aires,Acuchillamiento,9/4/2014
302,25,Mujer,Principal ,CABA,Acuchillamiento,9/3/2014
116,32,Mujer,Principal ,Entre Ríos,Golpes,9/3/2014
328,34,Mujer,Principal ,Buenos Aires,Asfixia,9/1/2014
7,16,Mujer,Principal ,Buenos Aires,Golpes,8/23/2014
486,3,Mujer,Principal ,Buenos Aires,Golpes,8/21/2014
486,3,Mujer,Principal ,Buenos Aires,Golpes,8/21/2014
247,14,Mujer,Principal ,Buenos Aires,Estrangulamiento,8/21/2014
324,27,Mujer,Principal ,La Pampa,Golpes,8/19/2014
211,24,Mujer,Principal ,Buenos Aires,Otros,8/17/2014
331,28,Mujer,Principal ,Buenos Aires,Dsiparo de bala,8/16/2014
332,58,Mujer,Vinculado,Buenos Aires,Acuchillamiento,8/15/2014
332,83,Mujer,Vinculado,Buenos Aires,Acuchillamiento,8/15/2014
257,21,Mujer,Principal ,Chaco,Acuchillamiento,8/14/2014
129,44,Mujer,Principal ,Buenos Aires,Acuchillamiento,8/14/2014
8,45,Mujer,Principal ,Mendoza,Disparo de bala,8/14/2014
4,26,Mujer,Principal ,Santiago del Estero,Disparo de bala,8/13/2014
388,59,Mujer,Principal ,Mendoza,Golpes - Otros,8/11/2014
300,50,Mujer,Principal ,Santiago del Estero,Acuchillamiento,8/10/2014
513,19,Mujer,Principal ,Misiones,Disparo de bala,8/6/2014
513,19,Mujer,Principal ,Misiones,Disparo de bala,8/6/2014
224,23,Mujer,Principal ,Mendoza,Golpes,8/3/2014
115,38,Mujer,Principal ,Entre Ríos,Acuchillamiento,7/31/2014
382,26,Mujer,Principal ,Salta,Disparo de bala,7/28/2014
45,47,Mujer,Principal ,Salta,Golpes,7/25/2014
87,15,Mujer,Principal ,Buenos Aires,Degollamiento - Apuñalamiento,7/23/2014
31,41,Mujer,Principal ,Córdoba,Acuchillamiento,7/23/2014
379,27,Mujer,Principal ,Buenos Aires,Golpes - Otros,7/18/2014
334,21,Mujer,Principal ,CABA,Acuchillamiento,7/15/2014
180,19,Mujer,Principal ,Salta,Golpes - Estrangulamiento,7/14/2014
378,37,Mujer,Principal ,Buenos Aires,Acuchillamiento - Otros,7/7/2014
266,31,Mujer,Principal ,Chaco,Golpes - Otros,7/7/2014
114,36,Mujer,Principal ,Entre Ríos,Disparo de bala,7/3/2014
139,42,Mujer,Principal ,Córdoba,Golpes,6/29/2014
52,42,Mujer,Principal ,Córdoba,Golpes,6/29/2014
299,78,Mujer,Principal ,Santiago del Estero,Golpes,6/24/2014
377,63,Mujer,Principal ,CABA,Acuchillamiento - Golpes,6/21/2014
377,86,Mujer,Principal ,CABA,Acuchillamiento - Golpes,6/21/2014
21,36,Mujer,Principal ,Córdoba,Apuñalamiento,6/21/2014
244,33,Mujer,Principal ,Mendoza,Acuchillamiento,6/19/2014
335,21,Mujer,Principal ,Buenos Aires,Golpes - Estrangulamiento,6/17/2014
298,26,Mujer,Principal ,Santiago del Estero,Acuchillamiento,6/15/2014
159,39,Mujer,Principal ,Neuquén,Disparo de bala,6/14/2014
50,17,Mujer,Principal ,Salta,Golpes,6/9/2014
514,17,Mujer,Principal ,Buenos Aires,Golpes,5/30/2014
514,17,Mujer,Principal ,Buenos Aires,Golpes,5/30/2014
326,41,Mujer,Principal ,Buenos Aires,Disparo de bala,5/28/2014
509,17,Mujer,Principal ,Buenos Aires,Disparo de bala,5/25/2014
509,19,Mujer,Vinculado,Buenos Aires,Disparo de bala,5/25/2014
509,17,Mujer,Principal ,Buenos Aires,Disparo de bala,5/25/2014
509,19,Mujer,Vinculado,Buenos Aires,Disparo de bala,5/25/2014
297,36,Mujer,Principal ,Santiago del Estero,Golpes,5/23/2014
101,34,Mujer,Principal ,Córdoba,Estrangulamiento,5/19/2014
113,25,Mujer,Principal ,Entre Ríos,Estrangulamiento - Ahorcamiento,5/18/2014
5,49,Mujer,Principal ,Buenos Aires,Golpes,5/18/2014
32,56,Mujer,Principal ,Córdoba,Disparo de bala,5/16/2014
530,22,Mujer,Principal ,Buenos Aires,Disparo de bala,5/12/2014
530,22,Mujer,Principal ,Buenos Aires,Disparo de bala,5/12/2014
515,16,Mujer,Principal ,Salta,Estrangulamiento,5/12/2014
515,16,Mujer,Principal ,Salta,Estrangulamiento,5/12/2014
173,16,Mujer,Principal ,Salta,Estrangulamiento,5/12/2014
405,11,Mujer,Vinculado,Buenos Aires,Quemaduras,5/10/2014
405,38,Mujer,Principal ,Buenos Aires,Quemaduras,5/10/2014
405,31,Hombre,Vinculado,Buenos Aires,Quemaduras,5/10/2014
405,10,Mujer,Vinculado,Buenos Aires,Quemaduras,5/10/2014
405,6,Hombre,Vinculado,Buenos Aires,Quemaduras,5/10/2014
405,5,Mujer,Vinculado,Buenos Aires,Quemaduras,5/10/2014
405,4,Hombre,Vinculado,Buenos Aires,Quemaduras,5/10/2014
405,13,Mujer,Vinculado,Buenos Aires,Quemaduras,5/10/2014
243,69,Mujer,Principal ,Mendoza,Acuchillamiento - Otros,5/9/2014
327,28,Mujer,Principal ,Buenos Aires,Disparo de bala,5/6/2014
412,40,Mujer,Principal ,Buenos Aires,Acuchillamiento,5/5/2014
175,22,Mujer,Principal ,Salta,Sin cuerpo,5/4/2014
264,28,Mujer,Principal ,Chaco,Golpes,5/3/2014
216,56,Mujer,Principal ,Misiones,Apuñalamiento,5/3/2014
263,18,Mujer,Principal ,Chaco,,4/30/2014
365,34,Mujer,Principal ,CABA,Golpes - Otros,4/28/2014
260,50,Mujer,Principal ,Chaco,Golpes,4/23/2014
275,71,Mujer,Principal ,Chaco,Golpes - Otros,4/22/2014
199,35,Mujer,Principal ,Río Negro,Acuchillamiento,4/20/2014
259,25,Mujer,Principal ,Chaco,Disparo de bala,4/16/2014
102,44,Mujer,Principal ,Córdoba,Acuchillamiento,4/15/2014
68,38,Mujer,Principal ,Buenos Aires,Quemaduras - Asfixia,4/14/2014
149,65,Mujer,Principal ,Buenos Aires,Acuchillamiento - Degollamiento,4/10/2014
111,30,Mujer,Principal ,Entre Ríos,Acuchillamiento,4/10/2014
511,20,Mujer,Principal ,Tucumán,Disparo de bala,4/6/2014
511,20,Mujer,Principal ,Tucumán,Disparo de bala,4/6/2014
376,32,Mujer,Principal ,Buenos Aires,Golpes,4/6/2014
57,25,Mujer,Principal ,Jujuy,Golpes,4/5/2014
23,57,Mujer,Principal ,Mendoza,Golpes,4/2/2014
122,23,Mujer,Principal ,Entre Ríos,Disparo de bala,4/1/2014
2,,Mujer,Principal ,Buenos Aires,Acuchillamiento,3/27/2014
296,43,Mujer,Principal ,Santiago del Estero,Golpes,3/13/2014
212,29,Mujer,Principal ,Buenos Aires,Golpes,3/13/2014
488,17,Mujer,Principal ,Buenos Aires,Se desconoce,3/10/2014
488,17,Mujer,Principal ,Buenos Aires,Se desconoce,3/10/2014
215,17,Mujer,Principal ,Misiones,Disparo de bala,3/9/2014
510,21,Mujer,Principal ,Buenos Aires,Acuchillamiento,3/8/2014
510,21,Mujer,Principal ,Buenos Aires,Acuchillamiento,3/8/2014
214,24,Mujer,Principal ,Misiones,Golpes,3/8/2014
312,25,Mujer,Principal ,Buenos Aires,Estrangulamiento,3/7/2014
295,43,Mujer,Principal ,Santiago del Estero,Disparo de bala,3/7/2014
693,20,Mujer,Principal ,Salta,Golpes,3/6/2014
693,20,Mujer,Principal ,Salta,Golpes,3/6/2014
572,66,Mujer,Principal ,Misiones,Desaparecida,2/28/2014
572,66,Mujer,Principal ,Misiones,Desaparecida,2/28/2014
112,47,Mujer,Principal ,Entre Ríos,Ahorcamiento,2/27/2014
265,12,Mujer,Principal ,Buenos Aires,Asfixia - Estrangulamiento,2/23/2014
258,23,Mujer,Principal ,Chaco,Estrangulamiento,2/20/2014
497,53,Mujer,Principal ,Santa Fé,Golpes,2/19/2014
497,53,Mujer,Principal ,Santa Fé,Golpes,2/19/2014
344,42,Mujer,Principal ,Santiago del Estero,Acuchillamiento - Golpes,2/19/2014
294,43,Mujer,Principal ,Santiago del Estero,Acuchillamiento,2/19/2014
88,28,Mujer,Principal ,Buenos Aires,Apuñalamiento,2/19/2014
16,14,Mujer,Principal ,Buenos Aires,Disparo de bala,2/17/2014
273,43,Mujer,Principal ,Corrientes,Disparo de bala,2/14/2014
375,53,Mujer,Principal ,Buenos Aires,Disparo de bala,2/11/2014
316,Se desconoce,Mujer,Principal ,Buenos Aires,Golpes,2/10/2014
459,Se desconoce,Mujer,Principal ,Buenos Aires,Disparo de bala,2/6/2014
459,Se desconoce,Mujer,Principal ,Buenos Aires,Disparo de bala,2/6/2014
63,28,Mujer,Principal ,Buenos Aires,Apuñalamiento,2/1/2014
213,54,Mujer,Principal ,Misiones,Disparo de bala,1/29/2014
255,17,Mujer,Principal ,Chaco,Disparo de bala,1/24/2014
100,51,Mujer,Principal ,Córdoba,Quemaduras,1/18/2014
99,41,Mujer,Principal ,Córdoba,Degollamiento,1/18/2014
342,37,Mujer,Principal ,San Juan,Golpes,1/17/2014
11,38,Mujer,Principal ,Buenos Aires,Estrangulamiento,1/16/2014
254,27,Mujer,Principal ,Chaco,Acuchillamiento,1/12/2014
292,23,Mujer,Principal ,Santiago del Estero,Quemaduras,1/10/2014
489,16,Mujer,Principal ,Buenos Aires,Golpes - Otros,1/9/2014
489,16,Mujer,Principal ,Buenos Aires,Golpes - Otros,1/9/2014
587,3,Mujer,Principal ,Mendoza,Golpes,1/7/2014
587,3,Mujer,Principal ,Mendoza,Golpes,1/7/2014
43,21,Mujer,Vinculado,Misiones,Atropellamiento,1/5/2014
42,22,Mujer,Vinculado,Misiones,Atropellamiento,1/5/2014
208,19,Mujer,Principal ,Misiones,Golpes,12/30/2013
286,69,Mujer,Principal ,CABA,Asfixia - Estrangulamiento,12/26/2013
435,27,Mujer,Principal ,Córdoba,Asfixia - Estrangulamiento - Otros,12/19/2013
435,,Mujer,Vinculado,Córdoba,Asfixia - Estrangulamiento - Otros,12/19/2013
399,35,Mujer,Principal ,Buenos Aires,Disparo de bala,12/17/2013
363,13,Mujer,Principal ,Catamarca,Estrangulamiento,12/14/2013
416,16,Mujer,Principal ,Córdoba,Disparo de bala,12/12/2013
433,42,Mujer,Principal ,Córdoba,Acuchillamiento,12/4/2013
438,23,Mujer,Vinculado,Córdoba,Disparo de bala,12/2/2013
106,52,Mujer,Principal ,Corrientes,Quemaduras,12/2/2013
374,43,Mujer,Principal ,Buenos Aires,Disparo de bala,11/25/2013
185,24,Mujer,Principal ,Buenos Aires,Otros,11/25/2013
414,40,Mujer,Principal ,Córdoba,Quemaduras,11/24/2013
69,49,Mujer,Principal ,Buenos Aires,Dsiparo de bala - Estrangulamiento,11/23/2013
206,27,Mujer,Principal ,Misiones,Golpes - Estrangulamiento,11/22/2013
330,63,Mujer,Principal ,Buenos Aires,Apuñalamiento,11/21/2013
415,26,Mujer,Principal ,San Luis,Disparo de bala,11/20/2013
415,4,Hombre,Vinculado,San Luis,Disparo de bala,11/20/2013
400,49,Mujer,Principal ,Buenos Aires,Acuchillamiento - Golpes,11/20/2013
429,24,Mujer,Principal ,Córdoba,Golpes - Estrangulamiento,11/16/2013
436,10,Hombre,Vinculado,Córdoba,Disparo de bala,11/15/2013
436,12,Mujer,Vinculado,Córdoba,Disparo de bala,11/15/2013
323,30,Mujer,Principal ,Formosa,Acuchillamiento,11/10/2013
366,20,Mujer,Principal ,Buenos Aires,Acuchillamiento - Golpes,11/7/2013
253,27,Mujer,Principal ,Chaco,Acuchillamiento,11/1/2013
392,20,Mujer,Principal ,Buenos Aires,Estrangulamiento,10/31/2013
289,17,Mujer,Principal ,Santiago del Estero,Golpes,10/31/2013
472,48,Mujer,Principal ,Entre Ríos,Disparo de bala,10/29/2013
420,35,Mujer,Principal ,Córdoba,Acuchillamiento - Golpes,10/26/2013
407,17,Mujer,Principal ,Buenos Aires,Disparo de bala,10/26/2013
252,21,Mujer,Principal ,Chaco,Acuchillamiento,10/26/2013
252,41,Mujer,Vinculado,Chaco,Acuchillamiento,10/26/2013
461,25,Mujer,Principal ,Buenos Aires,Golpes,10/25/2013
291,53,Mujer,Principal ,Santiago del Estero,Disparo de bala,10/21/2013
364,25,Mujer,Principal ,Buenos Aires,Estrangulamiento,10/20/2013
290,19,Mujer,Principal ,Santiago del Estero,Acuchillamiento,10/19/2013
205,27,Mujer,Principal ,Misiones,Disparo de bala,10/17/2013
205,25,Mujer,Vinculado,Misiones,Disparo de bala,10/17/2013
251,19,Mujer,Principal ,Chaco,Acuchillamiento,10/14/2013
319,35,Mujer,Principal ,Catamarca,Golpes,10/6/2013
261,20,Mujer,Principal ,Catamarca,Golpes - Acuchillamiento,10/4/2013
53,19,Mujer,Principal ,Buenos Aires,Estrangulamiento,9/30/2013
341,16,Mujer,Principal ,San Juan,Golpes,9/28/2013
203,29,Mujer,Principal ,Misiones,Acuchillamiento,9/21/2013
202,24,Mujer,Principal ,Misiones,Disparo de bala,9/15/2013
81,36,Mujer,Principal ,Chubut,Disparo de bala,9/8/2013
54,15,Mujer,Principal ,Buenos Aires,,9/7/2013
284,42,Mujer,Principal ,Santiago del Estero,Quemaduras,9/5/2013
329,11,Mujer,Principal ,Chubut,Estrangulamiento - Otros,9/2/2013
250,41,Mujer,Principal ,Chaco,Disparo de bala,9/2/2013
401,20,Mujer,Principal ,Buenos Aires,Golpes - Estrangulamiento - Otros,8/31/2013
467,,Mujer,Principal ,Entre Ríos,Acuchillamiento,8/28/2013
410,26,Mujer,Principal ,Santa Fé,Disparo de bala,8/20/2013
373,15,Mujer,Principal ,Entre Ríos,Disparo de bala,8/18/2013
737,2,Mujer,Vinculado,Buenos Aires,Golpes,8/17/2013
431,67,Mujer,Principal ,Córdoba,Golpes - Quemaduras - Otros,7/28/2013
288,41,Mujer,Principal ,Santiago del Estero,Acuchillamiento,7/27/2013
460,68,Mujer,Principal ,Río Negro,Golpes - Asfixia - Otros,7/26/2013
85,38,Mujer,Principal ,Buenos Aires,Apuñalamiento - Golpes - Quemaduras - Estrangulamiento,7/20/2013
471,30,Mujer,Principal ,Entre Ríos,Acuchillamiento,7/17/2013
455,22,Mujer,Principal ,Entre Ríos,Otros,7/15/2013
385,45,Mujer,Principal ,Mendoza,Golpes,7/12/2013
462,21,Mujer,Principal ,Salta,Estrangulamiento,7/8/2013
74,34,Mujer,Principal ,Buenos Aires,Degollamiento,7/6/2013
372,22,Mujer,Principal ,Córdoba,Golpes - Otros,6/30/2013
61,16,Mujer,Principal ,Chaco,Estrangulamiento -Causa de muerte: Asfixia Mecanica a nivel de cuello,6/30/2013
80,25,Mujer,Principal ,Chubut,Disparo de bala,6/21/2013
424,29,Mujer,Principal ,Córdoba,Acuchillamiento,6/18/2013
398,45,Mujer,Principal ,Buenos Aires,Golpes - Estrangulamiento - Otros,6/12/2013
78,16,Mujer,Principal ,CABA,Estrangulamiento,6/10/2013
411,47,Mujer,Principal ,Córdoba,Acuchillamiento,6/8/2013
86,22,Mujer,Principal ,Buenos Aires,Disparo de bala,6/4/2013
183,33,Mujer,Principal ,Buenos Aires,Golpes - Otros,6/2/2013
287,29,Mujer,Principal ,Santiago del Estero,Acuchillamiento,6/1/2013
463,3,Se desconoce,Vinculado,Corrientes,Disparo de bala,5/30/2013
463,7,Se desconoce,Vinculado,Corrientes,Disparo de bala,5/30/2013
60,53,Mujer,Principal ,Buenos Aires,Estrangulamiento - Golpes,5/29/2013
339,34,Mujer,Principal ,San Juan,Golpes,5/26/2013
178,52,Mujer,Principal ,Chaco,Golpes,5/25/2013
371,33,Mujer,Principal ,Buenos Aires,Golpes,5/20/2013
434,9,Mujer,Principal ,Salta,Acuchillamiento - Otros,5/18/2013
107,31,Mujer,Principal ,Corrientes,Golpes,5/14/2013
713,32,Trans Femenina ,Principal ,Tierra del Fuego,Acuchillamiento,5/12/2013
309,32,Mujer,Principal ,Tierra del Fuego,Acuchillamiento,5/12/2013
413,31,Mujer,Principal ,Córdoba,Asfixia,5/7/2013
389,21,Mujer,Principal ,Mendoza,Acuchillamiento - Otros,5/7/2013
362,50,Mujer,Principal ,Buenos Aires,Golpes - Asfixia,5/6/2013
440,21,Mujer,Principal ,Córdoba,Acuchillamiento,5/3/2013
458,36,Mujer,Principal ,Buenos Aires,Acuchillamiento,5/1/2013
232,48,Mujer,Principal ,Corrientes,Degollamiento - Apuñalamiento,5/1/2013
443,40,Mujer,Principal ,Río Negro,Disparo de bala,4/30/2013
285,34,Mujer,Principal ,Santiago del Estero,Disparo de bala,4/28/2013
499,39,Mujer,Principal ,Corrientes,Apuñalamiento,4/27/2013
439,32,Mujer,Principal ,Córdoba,Acuchillamiento,4/24/2013
282,55,Mujer,Principal ,Santiago del Estero,Disparo de bala,4/21/2013
568,33,Mujer,Principal ,Neuquén,Disparo de bala,4/18/2013
425,45,Mujer,Principal ,Buenos Aires,Golpes - Degollamiento - Otros,4/17/2013
201,21,Mujer,Principal ,Misiones,Disparo de bala,4/6/2013
200,24,Mujer,Principal ,Misiones,Golpes - Quemaduras - Otros,4/6/2013
357,25,Mujer,Principal ,Córdoba,Estrangulamiento,4/4/2013
73,25,Mujer,Principal ,Santa Fé,Quemaduras,4/1/2013
470,24,Mujer,Principal ,Entre Ríos,Quemaduras,3/31/2013
361,50,Mujer,Principal ,Catamarca,Acuchillamiento,3/31/2013
236,36,Mujer,Principal ,Entre Ríos,Disparo de bala,3/31/2013
119,27,Mujer,Principal ,Santa Fé,Quemaduras,3/30/2013
346,31,Travesti,Principal ,Santa Fé,Golpes - Empalamiento,3/29/2013
283,38,Mujer,Principal ,Chaco,Acuchillamiento,3/27/2013
370,48,Hombre,Vinculado,Buenos Aires,Disparo de bala,3/25/2013
230,30,Mujer,Principal ,Río Negro,Disparo de bala,3/25/2013
469,19,Mujer,Principal ,Entre Ríos,Disparo de bala,3/24/2013
355,27,Mujer,Principal ,Córdoba,Disparo de bala,3/24/2013
97,23,Mujer,Principal ,Córdoba,Disparo de bala,3/24/2013
352,34,Mujer,Principal ,Córdoba,Disparo de bala,3/19/2013
144,21,Mujer,Principal ,Córdoba,Disparo de bala,3/17/2013
391,27,Mujer,Principal ,Salta,Acuchillamiento,3/13/2013
204,41,Mujer,Principal ,Santiago del Estero,Acuchillamiento,3/13/2013
354,46,Mujer,Principal ,Córdoba,Acuchillamiento,3/12/2013
368,23,Mujer,Principal ,Entre Ríos,Estrangulamiento,3/11/2013
423,43,Mujer,Principal ,Córdoba,Acuchillamiento,3/8/2013
353,43,Mujer,Principal ,Córdoba,Apuñalamiento,3/8/2013
321,21,Mujer,Principal ,Corrientes,Acuchillamiento,3/8/2013
464,25,Mujer,Principal ,Santa Fé,Golpes,3/7/2013
3,23,Mujer,Principal ,Catamarca,Golpes - Acuchillamiento,3/5/2013
37,34,Mujer,Principal ,Entre Ríos,Apuñalamiento,2/27/2013
474,30,Mujer,Principal ,Jujuy,Disparo de bala,2/24/2013
465,11,Mujer,Principal ,Buenos Aires,Otros,2/23/2013
182,39,Mujer,Principal ,Neuquén,Apuñalamiento,2/22/2013
351,25,Mujer,Principal ,Córdoba,Golpes - Asfixia,2/20/2013
406,2,Hombre,Vinculado,Buenos Aires,Degollamiento,2/18/2013
406,7,Hombre,Vinculado,Buenos Aires,Degollamiento,2/18/2013
249,34,Mujer,Principal ,Chaco,Disparo de bala,2/17/2013
197,47,Mujer,Principal ,Misiones,Golpes,2/14/2013
189,19,Mujer,Principal ,Salta,No hay cuerpo,2/14/2013
682,23,Mujer,Principal ,Entre Ríos,Golpes - Estrangulamiento,2/12/2013
390,41,Mujer,Principal ,Córdoba,Golpes,2/11/2013
281,22,Mujer,Principal ,Santiago del Estero,Disparo de bala,2/11/2013
93,34,Mujer,Principal ,CABA,Apuñalamiento,2/9/2013
176,47,Mujer,Principal ,Córdoba,Acuchillamiento,2/8/2013
124,31,Mujer,Principal ,Buenos Aires,Quemaduras,2/8/2013
350,78,Mujer,Principal ,Córdoba,Disparo de bala,2/6/2013
358,Se desconoce,Mujer,Principal ,Tucumán,Quemaduras,2/2/2013
428,26,Mujer,Principal ,Buenos Aires,Se desconoce,1/30/2013
359,31,Mujer,Principal ,Catamarca,Acuchillamiento - Quemaduras,1/29/2013
79,26,Mujer,Principal ,Chubut,Apuñalamiento,1/27/2013
98,35,Mujer,Principal ,Córdoba,Disparo de bala,1/26/2013
340,18,Mujer,Principal ,San Luis,Apuñalamiento,1/19/2013
238,32,Mujer,Principal ,Santa Fé,Apuñalamiento,1/19/2013
233,21,Mujer,Principal ,Neuquén,Disparo de bala,1/17/2013
242,37,Mujer,Principal ,Mendoza,Disparo de bala,1/16/2013
468,8 meses,Hombre,Vinculado,Entre Ríos,Disparo de bala,1/13/2013
303,63,Mujer,Principal ,Buenos Aires,Golpes,1/13/2013
196,40,Mujer,Principal ,Misiones,Acuchillamiento - Golpes,1/13/2013
430,49,Mujer,Principal ,Buenos Aires,Se desconoce,1/10/2013
432,32,Mujer,Principal ,Buenos Aires,Se desconoce,1/9/2013
195,7,Mujer,Principal ,Misiones,Otros,1/9/2013
367,34,Mujer,Principal ,Buenos Aires,Acuchillamiento,1/2/2013
367,10,Mujer,Vinculado,Buenos Aires,Acuchillamiento,1/2/2013
96,20,Mujer,Principal ,Córdoba,Quemaduras,1/1/2013
369,41,Mujer,Principal,Santa Fé,Disparo de bala,12/30/2012
117,45,Mujer,Principal,Salta,Disparo de bala,12/30/2012
421,50,Mujer,Principal,Córdoba,Acuchillamiento,12/17/2012
437,32,Mujer,Principal,Córdoba,Acuchillamiento,12/16/2012
